Date (Beijing Time),ETH/USDT Close Price
2019-05-17,262.11000000
2019-05-18,239.67000000
2019-05-19,235.12000000
2019-05-20,249.43000000
2019-05-21,251.67000000
2019-05-22,258.20000000
2019-05-23,243.13000000
2019-05-24,245.06000000
2019-05-25,248.20000000
2019-05-26,250.96000000
2019-05-27,267.09000000
2019-05-28,269.32000000
2019-05-29,269.10000000
2019-05-30,272.20000000
2019-05-31,255.96000000
2019-06-01,274.72000000
2019-06-02,266.83000000
2019-06-03,266.13000000
2019-06-04,247.74000000
2019-06-05,240.84000000
2019-06-06,244.95000000
2019-06-07,246.73000000
2019-06-08,250.25000000
2019-06-09,240.99000000
2019-06-10,232.90000000
2019-06-11,246.11000000
2019-06-12,242.82000000
2019-06-13,260.84000000
2019-06-14,254.50000000
2019-06-15,262.60000000
2019-06-16,266.51000000
2019-06-17,272.04000000
2019-06-18,271.59000000
2019-06-19,265.84000000
2019-06-20,268.09000000
2019-06-21,273.61000000
2019-06-22,299.01000000
2019-06-23,315.15000000
2019-06-24,304.70000000
2019-06-25,310.68000000
2019-06-26,318.02000000
2019-06-27,341.04000000
2019-06-28,304.78000000
2019-06-29,308.36000000
2019-06-30,323.07000000
2019-07-01,296.94000000
2019-07-02,290.84000000
2019-07-03,295.51000000
2019-07-04,298.59000000
2019-07-05,284.22000000
2019-07-06,293.30000000
2019-07-07,288.22000000
2019-07-08,301.82000000
2019-07-09,309.81000000
2019-07-10,311.35000000
2019-07-11,285.35000000
2019-07-12,272.35000000
2019-07-13,274.01000000
2019-07-14,267.46000000
2019-07-15,211.43000000
2019-07-16,232.48000000
2019-07-17,200.14000000
2019-07-18,208.20000000
2019-07-19,224.69000000
2019-07-20,221.19000000
2019-07-21,228.81000000
2019-07-22,224.69000000
2019-07-23,215.72000000
2019-07-24,205.56000000
2019-07-25,222.52000000
2019-07-26,216.34000000
2019-07-27,222.69000000
2019-07-28,206.35000000
2019-07-29,210.47000000
2019-07-30,210.26000000
2019-07-31,212.36000000
2019-08-01,216.15000000
2019-08-02,216.11000000
2019-08-03,216.87000000
2019-08-04,222.26000000
2019-08-05,226.27000000
2019-08-06,230.89000000
2019-08-07,225.58000000
2019-08-08,225.91000000
2019-08-09,221.04000000
2019-08-10,213.47000000
2019-08-11,210.10000000
2019-08-12,214.45000000
2019-08-13,211.05000000
2019-08-14,208.32000000
2019-08-15,189.53000000
2019-08-16,186.68000000
2019-08-17,184.25000000
2019-08-18,185.39000000
2019-08-19,193.79000000
2019-08-20,200.90000000
2019-08-21,194.18000000
2019-08-22,187.10000000
2019-08-23,191.37000000
2019-08-24,193.03000000
2019-08-25,189.91000000
2019-08-26,192.77000000
2019-08-27,188.49000000
2019-08-28,186.21000000
2019-08-29,172.96000000
2019-08-30,167.53000000
2019-08-31,168.64000000
2019-09-01,172.45000000
2019-09-02,170.64000000
2019-09-03,178.20000000
2019-09-04,178.69000000
2019-09-05,174.20000000
2019-09-06,173.04000000
2019-09-07,168.79000000
2019-09-08,178.84000000
2019-09-09,180.57000000
2019-09-10,181.77000000
2019-09-11,181.25000000
2019-09-12,178.12000000
2019-09-13,180.40000000
2019-09-14,180.38000000
2019-09-15,188.45000000
2019-09-16,192.51000000
2019-09-17,198.24000000
2019-09-18,212.20000000
2019-09-19,208.28000000
2019-09-20,218.30000000
2019-09-21,218.74000000
2019-09-22,213.53000000
2019-09-23,209.28000000
2019-09-24,202.20000000
2019-09-25,168.70000000
2019-09-26,169.15000000
2019-09-27,164.13000000
2019-09-28,174.67000000
2019-09-29,173.46000000
2019-09-30,169.25000000
2019-10-01,178.68000000
2019-10-02,176.34000000
2019-10-03,179.25000000
2019-10-04,172.90000000
2019-10-05,175.48000000
2019-10-06,176.25000000
2019-10-07,170.00000000
2019-10-08,180.60000000
2019-10-09,181.55000000
2019-10-10,192.77000000
2019-10-11,189.76000000
2019-10-12,181.48000000
2019-10-13,180.61000000
2019-10-14,181.27000000
2019-10-15,186.33000000
2019-10-16,180.24000000
2019-10-17,173.61000000
2019-10-18,176.85000000
2019-10-19,172.07000000
2019-10-20,170.91000000
2019-10-21,174.23000000
2019-10-22,173.98000000
2019-10-23,171.13000000
2019-10-24,161.32000000
2019-10-25,160.68000000
2019-10-26,187.36000000
2019-10-27,179.53000000
2019-10-28,187.08000000
2019-10-29,182.61000000
2019-10-30,189.35000000
2019-10-31,183.91000000
2019-11-01,181.91000000
2019-11-02,183.08000000
2019-11-03,183.21000000
2019-11-04,181.30000000
2019-11-05,185.15000000
2019-11-06,188.02000000
2019-11-07,191.02000000
2019-11-08,187.11000000
2019-11-09,184.35000000
2019-11-10,184.40000000
2019-11-11,189.38000000
2019-11-12,185.65000000
2019-11-13,186.18000000
2019-11-14,187.72000000
2019-11-15,184.21000000
2019-11-16,180.09000000
2019-11-17,182.83000000
2019-11-18,183.81000000
2019-11-19,177.28000000
2019-11-20,175.65000000
2019-11-21,174.72000000
2019-11-22,162.62000000
2019-11-23,148.30000000
2019-11-24,150.76000000
2019-11-25,140.26000000
2019-11-26,145.83000000
2019-11-27,147.85000000
2019-11-28,154.44000000
2019-11-29,152.26000000
2019-11-30,154.61000000
2019-12-01,150.70000000
2019-12-02,150.38000000
2019-12-03,149.21000000
2019-12-04,144.52000000
2019-12-05,145.61000000
2019-12-06,147.43000000
2019-12-07,148.31000000
2019-12-08,147.47000000
2019-12-09,150.62000000
2019-12-10,147.70000000
2019-12-11,145.74000000
2019-12-12,141.89000000
2019-12-13,144.78000000
2019-12-14,144.77000000
2019-12-15,140.57000000
2019-12-16,142.11000000
2019-12-17,132.58000000
2019-12-18,124.41000000
2019-12-19,130.62000000
2019-12-20,127.41000000
2019-12-21,127.56000000
2019-12-22,126.89000000
2019-12-23,133.76000000
2019-12-24,128.22000000
2019-12-25,126.91000000
2019-12-26,124.80000000
2019-12-27,125.33000000
2019-12-28,127.71000000
2019-12-29,127.93000000
2019-12-30,133.53000000
2019-12-31,131.52000000
2020-01-01,128.87000000
2020-01-02,130.67000000
2020-01-03,127.07000000
2020-01-04,133.70000000
2020-01-05,134.76000000
2020-01-06,135.65000000
2020-01-07,143.77000000
2020-01-08,147.55000000
2020-01-09,139.89000000
2020-01-10,137.16000000
2020-01-11,143.55000000
2020-01-12,143.23000000
2020-01-13,144.99000000
2020-01-14,145.36000000
2020-01-15,169.27000000
2020-01-16,163.95000000
2020-01-17,163.78000000
2020-01-18,173.21000000
2020-01-19,176.23000000
2020-01-20,165.68000000
2020-01-21,166.42000000
2020-01-22,169.71000000
2020-01-23,167.16000000
2020-01-24,163.07000000
2020-01-25,158.63000000
2020-01-26,160.12000000
2020-01-27,168.46000000
2020-01-28,171.44000000
2020-01-29,175.80000000
2020-01-30,173.02000000
2020-01-31,184.08000000
2020-02-01,181.09000000
2020-02-02,181.56000000
2020-02-03,191.72000000
2020-02-04,190.76000000
2020-02-05,189.63000000
2020-02-06,203.14000000
2020-02-07,217.73000000
2020-02-08,221.19000000
2020-02-09,226.52000000
2020-02-10,228.86000000
2020-02-11,220.49000000
2020-02-12,247.07000000
2020-02-13,272.21000000
2020-02-14,268.08000000
2020-02-15,285.96000000
2020-02-16,265.85000000
2020-02-17,255.74000000
2020-02-18,265.21000000
2020-02-19,277.92000000
2020-02-20,262.66000000
2020-02-21,256.13000000
2020-02-22,265.41000000
2020-02-23,263.47000000
2020-02-24,275.80000000
2020-02-25,263.70000000
2020-02-26,246.86000000
2020-02-27,216.48000000
2020-02-28,230.35000000
2020-02-29,229.41000000
2020-03-01,218.36000000
2020-03-02,218.92000000
2020-03-03,228.05000000
2020-03-04,225.11000000
2020-03-05,226.49000000
2020-03-06,227.83000000
2020-03-07,244.20000000
2020-03-08,234.09000000
2020-03-09,203.14000000
2020-03-10,203.38000000
2020-03-11,202.20000000
2020-03-12,193.31000000
2020-03-13,106.89000000
2020-03-14,133.05000000
2020-03-15,123.05000000
2020-03-16,121.60000000
2020-03-17,111.98000000
2020-03-18,116.77000000
2020-03-19,117.53000000
2020-03-20,137.95000000
2020-03-21,130.79000000
2020-03-22,132.20000000
2020-03-23,124.12000000
2020-03-24,134.84000000
2020-03-25,139.82000000
2020-03-26,137.00000000
2020-03-27,139.07000000
2020-03-28,130.22000000
2020-03-29,130.38000000
2020-03-30,125.66000000
2020-03-31,132.40000000
2020-04-01,132.02000000
2020-04-02,136.00000000
2020-04-03,140.91000000
2020-04-04,141.34000000
2020-04-05,144.54000000
2020-04-06,144.58000000
2020-04-07,171.28000000
2020-04-08,164.46000000
2020-04-09,172.87000000
2020-04-10,169.97000000
2020-04-11,159.47000000
2020-04-12,157.64000000
2020-04-13,153.43000000
2020-04-14,155.93000000
2020-04-15,156.93000000
2020-04-16,151.50000000
2020-04-17,171.45000000
2020-04-18,172.51000000
2020-04-19,186.35000000
2020-04-20,182.21000000
2020-04-21,172.51000000
2020-04-22,170.52000000
2020-04-23,182.24000000
2020-04-24,186.33000000
2020-04-25,186.69000000
2020-04-26,195.47000000
2020-04-27,197.89000000
2020-04-28,194.95000000
2020-04-29,196.61000000
2020-04-30,216.86000000
2020-05-01,208.90000000
2020-05-02,212.83000000
2020-05-03,217.29000000
2020-05-04,207.70000000
2020-05-05,208.50000000
2020-05-06,202.68000000
2020-05-07,202.80000000
2020-05-08,215.70000000
2020-05-09,212.86000000
2020-05-10,192.38000000
2020-05-11,189.93000000
2020-05-12,186.91000000
2020-05-13,190.99000000
2020-05-14,198.41000000
2020-05-15,202.71000000
2020-05-16,196.82000000
2020-05-17,201.91000000
2020-05-18,208.65000000
2020-05-19,212.09000000
2020-05-20,213.73000000
2020-05-21,211.49000000
2020-05-22,198.20000000
2020-05-23,209.11000000
2020-05-24,207.32000000
2020-05-25,202.89000000
2020-05-26,203.32000000
2020-05-27,201.75000000
2020-05-28,208.62000000
2020-05-29,221.80000000
2020-05-30,219.20000000
2020-05-31,245.03000000
2020-06-01,233.30000000
2020-06-02,246.75000000
2020-06-03,238.17000000
2020-06-04,243.81000000
2020-06-05,243.56000000
2020-06-06,241.09000000
2020-06-07,242.07000000
2020-06-08,244.16000000
2020-06-09,243.79000000
2020-06-10,243.85000000
2020-06-11,248.76000000
2020-06-12,231.58000000
2020-06-13,236.63000000
2020-06-14,237.70000000
2020-06-15,231.49000000
2020-06-16,229.48000000
2020-06-17,233.99000000
2020-06-18,233.51000000
2020-06-19,230.38000000
2020-06-20,228.91000000
2020-06-21,229.01000000
2020-06-22,228.61000000
2020-06-23,242.88000000
2020-06-24,243.40000000
2020-06-25,234.11000000
2020-06-26,233.00000000
2020-06-27,229.73000000
2020-06-28,219.80000000
2020-06-29,224.95000000
2020-06-30,227.62000000
2020-07-01,225.04000000
2020-07-02,230.61000000
2020-07-03,226.29000000
2020-07-04,225.25000000
2020-07-05,229.03000000
2020-07-06,226.98000000
2020-07-07,241.35000000
2020-07-08,238.46000000
2020-07-09,245.68000000
2020-07-10,240.61000000
2020-07-11,240.80000000
2020-07-12,239.96000000
2020-07-13,241.79000000
2020-07-14,238.80000000
2020-07-15,240.72000000
2020-07-16,238.79000000
2020-07-17,232.90000000
2020-07-18,232.56000000
2020-07-19,236.10000000
2020-07-20,238.73000000
2020-07-21,236.67000000
2020-07-22,244.21000000
2020-07-23,264.32000000
2020-07-24,273.92000000
2020-07-25,280.56000000
2020-07-26,302.32000000
2020-07-27,314.09000000
2020-07-28,324.77000000
2020-07-29,313.98000000
2020-07-30,319.25000000
2020-07-31,334.75000000
2020-08-01,344.01000000
2020-08-02,388.07000000
2020-08-03,377.98000000
2020-08-04,400.30000000
2020-08-05,388.47000000
2020-08-06,399.42000000
2020-08-07,395.03000000
2020-08-08,379.30000000
2020-08-09,397.89000000
2020-08-10,391.20000000
2020-08-11,395.38000000
2020-08-12,376.67000000
2020-08-13,393.83000000
2020-08-14,424.49000000
2020-08-15,438.56000000
2020-08-16,426.95000000
2020-08-17,430.52000000
2020-08-18,432.94000000
2020-08-19,424.41000000
2020-08-20,411.79000000
2020-08-21,415.33000000
2020-08-22,381.40000000
2020-08-23,393.31000000
2020-08-24,389.93000000
2020-08-25,405.39000000
2020-08-26,379.20000000
2020-08-27,388.13000000
2020-08-28,383.85000000
2020-08-29,393.77000000
2020-08-30,401.40000000
2020-08-31,426.07000000
2020-09-01,433.34000000
2020-09-02,469.07000000
2020-09-03,444.27000000
2020-09-04,388.67000000
2020-09-05,389.38000000
2020-09-06,339.32000000
2020-09-07,356.49000000
2020-09-08,348.17000000
2020-09-09,338.62000000
2020-09-10,356.07000000
2020-09-11,369.13000000
2020-09-12,371.16000000
2020-09-13,384.26000000
2020-09-14,358.03000000
2020-09-15,376.94000000
2020-09-16,357.16000000
2020-09-17,378.66000000
2020-09-18,387.19000000
2020-09-19,383.72000000
2020-09-20,383.64000000
2020-09-21,374.45000000
2020-09-22,342.51000000
2020-09-23,342.63000000
2020-09-24,322.60000000
2020-09-25,347.76000000
2020-09-26,350.58000000
2020-09-27,359.77000000
2020-09-28,357.85000000
2020-09-29,354.65000000
2020-09-30,357.66000000
2020-10-01,359.35000000
2020-10-02,351.06000000
2020-10-03,344.01000000
2020-10-04,346.87000000
2020-10-05,354.11000000
2020-10-06,352.36000000
2020-10-07,339.20000000
2020-10-08,339.86000000
2020-10-09,349.21000000
2020-10-10,367.06000000
2020-10-11,370.16000000
2020-10-12,373.86000000
2020-10-13,386.24000000
2020-10-14,384.52000000
2020-10-15,377.72000000
2020-10-16,377.92000000
2020-10-17,364.36000000
2020-10-18,368.86000000
2020-10-19,375.41000000
2020-10-20,378.75000000
2020-10-21,371.94000000
2020-10-22,395.85000000
2020-10-23,412.00000000
2020-10-24,408.06000000
2020-10-25,412.98000000
2020-10-26,407.96000000
2020-10-27,394.72000000
2020-10-28,405.35000000
2020-10-29,388.17000000
2020-10-30,390.74000000
2020-10-31,383.84000000
2020-11-01,386.76000000
2020-11-02,402.45000000
2020-11-03,383.94000000
2020-11-04,384.14000000
2020-11-05,401.57000000
2020-11-06,425.94000000
2020-11-07,463.17000000
2020-11-08,438.04000000
2020-11-09,456.70000000
2020-11-10,445.07000000
2020-11-11,463.38000000
2020-11-12,458.11000000
2020-11-13,463.72000000
2020-11-14,474.27000000
2020-11-15,461.64000000
2020-11-16,449.82000000
2020-11-17,468.08000000
2020-11-18,486.75000000
2020-11-19,478.81000000
2020-11-20,471.47000000
2020-11-21,516.04000000
2020-11-22,550.72000000
2020-11-23,552.99000000
2020-11-24,611.23000000
2020-11-25,601.57000000
2020-11-26,575.39000000
2020-11-27,528.60000000
2020-11-28,518.62000000
2020-11-29,537.46000000
2020-11-30,587.22000000
2020-12-01,605.63000000
2020-12-02,593.21000000
2020-12-03,596.00000000
2020-12-04,617.36000000
2020-12-05,571.79000000
2020-12-06,605.10000000
2020-12-07,597.86000000
2020-12-08,590.87000000
2020-12-09,550.37000000
2020-12-10,567.16000000
2020-12-11,548.64000000
2020-12-12,555.15000000
2020-12-13,565.70000000
2020-12-14,584.48000000
2020-12-15,588.86000000
2020-12-16,585.14000000
2020-12-17,644.66000000
2020-12-18,639.61000000
2020-12-19,648.94000000
2020-12-20,648.05000000
2020-12-21,643.11000000
2020-12-22,605.17000000
2020-12-23,637.71000000
2020-12-24,576.60000000
2020-12-25,611.92000000
2020-12-26,625.17000000
2020-12-27,638.31000000
2020-12-28,707.87000000
2020-12-29,719.69000000
2020-12-30,741.45000000
2020-12-31,745.43000000
2021-01-01,734.07000000
2021-01-02,719.90000000
2021-01-03,775.81000000
2021-01-04,975.80000000
2021-01-05,1095.03000000
2021-01-06,1081.16000000
2021-01-07,1199.80000000
2021-01-08,1182.96000000
2021-01-09,1197.93000000
2021-01-10,1289.91000000
2021-01-11,1218.80000000
2021-01-12,1061.88000000
2021-01-13,991.32000000
2021-01-14,1133.79000000
2021-01-15,1237.10000000
2021-01-16,1188.41000000
2021-01-17,1235.64000000
2021-01-18,1242.66000000
2021-01-19,1261.56000000
2021-01-20,1405.00000000
2021-01-21,1363.48000000
2021-01-22,1066.54000000
2021-01-23,1228.06000000
2021-01-24,1232.01000000
2021-01-25,1456.96000000
2021-01-26,1367.83000000
2021-01-27,1346.31000000
2021-01-28,1258.62000000
2021-01-29,1367.70000000
2021-01-30,1366.57000000
2021-01-31,1367.24000000
2021-02-01,1279.97000000
2021-02-02,1380.61000000
2021-02-03,1519.39000000
2021-02-04,1677.53000000
2021-02-05,1614.66000000
2021-02-06,1727.46000000
2021-02-07,1682.99000000
2021-02-08,1596.45000000
2021-02-09,1753.07000000
2021-02-10,1786.60000000
2021-02-11,1718.61000000
2021-02-12,1791.46000000
2021-02-13,1856.43000000
2021-02-14,1832.13000000
2021-02-15,1806.49000000
2021-02-16,1774.66000000
2021-02-17,1765.18000000
2021-02-18,1869.53000000
2021-02-19,1928.42000000
2021-02-20,1933.46000000
2021-02-21,1918.06000000
2021-02-22,1887.08000000
2021-02-23,1760.04000000
2021-02-24,1568.06000000
2021-02-25,1651.93000000
2021-02-26,1480.44000000
2021-02-27,1490.25000000
2021-02-28,1460.40000000
2021-03-01,1440.76000000
2021-03-02,1564.33000000
2021-03-03,1500.78000000
2021-03-04,1592.90000000
2021-03-05,1478.94000000
2021-03-06,1542.00000000
2021-03-07,1671.00000000
2021-03-08,1742.21000000
2021-03-09,1814.91000000
2021-03-10,1869.36000000
2021-03-11,1779.83000000
2021-03-12,1815.96000000
2021-03-13,1752.73000000
2021-03-14,1914.74000000
2021-03-15,1871.40000000
2021-03-16,1731.51000000
2021-03-17,1783.47000000
2021-03-18,1818.38000000
2021-03-19,1760.22000000
2021-03-20,1815.59000000
2021-03-21,1804.27000000
2021-03-22,1757.44000000
2021-03-23,1692.53000000
2021-03-24,1654.13000000
2021-03-25,1591.48000000
2021-03-26,1620.51000000
2021-03-27,1694.45000000
2021-03-28,1709.55000000
2021-03-29,1684.62000000
2021-03-30,1810.14000000
2021-03-31,1858.03000000
2021-04-01,1932.38000000
2021-04-02,1958.16000000
2021-04-03,2121.25000000
2021-04-04,2001.76000000
2021-04-05,2056.19000000
2021-04-06,2141.65000000
2021-04-07,2092.02000000
2021-04-08,1985.80000000
2021-04-09,2092.18000000
2021-04-10,2066.51000000
2021-04-11,2136.47000000
2021-04-12,2138.28000000
2021-04-13,2158.83000000
2021-04-14,2298.15000000
2021-04-15,2415.92000000
2021-04-16,2528.51000000
2021-04-17,2460.00000000
2021-04-18,2283.15000000
2021-04-19,2256.00000000
2021-04-20,2088.50000000
2021-04-21,2285.99000000
2021-04-22,2416.05000000
2021-04-23,2373.86000000
2021-04-24,2264.51000000
2021-04-25,2215.63000000
2021-04-26,2414.43000000
2021-04-27,2507.01000000
2021-04-28,2693.12000000
2021-04-29,2724.84000000
2021-04-30,2735.39000000
2021-05-01,2768.75000000
2021-05-02,2932.02000000
2021-05-03,2994.06000000
2021-05-04,3260.06000000
2021-05-05,3310.46000000
2021-05-06,3475.65000000
2021-05-07,3493.86000000
2021-05-08,3523.02000000
2021-05-09,3835.21000000
2021-05-10,3909.44000000
2021-05-11,3856.43000000
2021-05-12,4195.32000000
2021-05-13,3896.36000000
2021-05-14,3822.53000000
2021-05-15,4032.96000000
2021-05-16,3767.00000000
2021-05-17,3465.98000000
2021-05-18,3355.43000000
2021-05-19,3354.13000000
2021-05-20,2230.90000000
2021-05-21,2903.92000000
2021-05-22,2447.60000000
2021-05-23,2361.95000000
2021-05-24,2133.24000000
2021-05-25,2711.37000000
2021-05-26,2681.52000000
2021-05-27,2812.27000000
2021-05-28,2704.34000000
2021-05-29,2492.28000000
2021-05-30,2227.77000000
2021-05-31,2354.01000000
2021-06-01,2730.67000000
2021-06-02,2585.32000000
2021-06-03,2705.29000000
2021-06-04,2811.45000000
2021-06-05,2769.46000000
2021-06-06,2628.44000000
2021-06-07,2763.00000000
2021-06-08,2588.97000000
2021-06-09,2453.37000000
2021-06-10,2579.21000000
2021-06-11,2437.07000000
2021-06-12,2340.85000000
2021-06-13,2388.46000000
2021-06-14,2498.97000000
2021-06-15,2597.63000000
2021-06-16,2518.79000000
2021-06-17,2396.85000000
2021-06-18,2349.56000000
2021-06-19,2240.52000000
2021-06-20,2168.58000000
2021-06-21,2238.38000000
2021-06-22,1913.51000000
2021-06-23,1931.99000000
2021-06-24,1937.86000000
2021-06-25,1983.07000000
2021-06-26,1836.87000000
2021-06-27,1834.99000000
2021-06-28,1978.59000000
2021-06-29,2138.21000000
2021-06-30,2172.74000000
2021-07-01,2245.54000000
2021-07-02,2135.18000000
2021-07-03,2138.28000000
2021-07-04,2206.73000000
2021-07-05,2309.33000000
2021-07-06,2236.50000000
2021-07-07,2318.32000000
2021-07-08,2269.41000000
2021-07-09,2070.38000000
2021-07-10,2177.76000000
2021-07-11,2119.15000000
2021-07-12,2131.71000000
2021-07-13,2031.61000000
2021-07-14,1903.33000000
2021-07-15,2003.63000000
2021-07-16,1907.09000000
2021-07-17,1899.47000000
2021-07-18,1970.24000000
2021-07-19,1885.01000000
2021-07-20,1816.06000000
2021-07-21,1769.35000000
2021-07-22,1987.90000000
2021-07-23,2028.97000000
2021-07-24,2110.40000000
2021-07-25,2152.43000000
2021-07-26,2259.73000000
2021-07-27,2231.16000000
2021-07-28,2279.43000000
2021-07-29,2276.06000000
2021-07-30,2392.80000000
2021-07-31,2456.47000000
2021-08-01,2570.36000000
2021-08-02,2518.67000000
2021-08-03,2607.59000000
2021-08-04,2517.06000000
2021-08-05,2704.87000000
2021-08-06,2777.57000000
2021-08-07,2917.94000000
2021-08-08,3161.17000000
2021-08-09,2933.78000000
2021-08-10,3122.57000000
2021-08-11,3167.78000000
2021-08-12,3186.25000000
2021-08-13,3062.18000000
2021-08-14,3304.37000000
2021-08-15,3273.64000000
2021-08-16,3311.85000000
2021-08-17,3134.25000000
2021-08-18,3021.00000000
2021-08-19,3044.01000000
2021-08-20,3229.66000000
2021-08-21,3241.44000000
2021-08-22,3244.52000000
2021-08-23,3248.84000000
2021-08-24,3311.44000000
2021-08-25,3195.43000000
2021-08-26,3246.32000000
2021-08-27,3112.98000000
2021-08-28,3267.87000000
2021-08-29,3281.27000000
2021-08-30,3190.53000000
2021-08-31,3214.34000000
2021-09-01,3398.13000000
2021-09-02,3778.72000000
2021-09-03,3730.46000000
2021-09-04,3942.80000000
2021-09-05,3903.87000000
2021-09-06,3930.51000000
2021-09-07,3899.70000000
2021-09-08,3458.60000000
2021-09-09,3515.09000000
2021-09-10,3451.01000000
2021-09-11,3241.87000000
2021-09-12,3256.32000000
2021-09-13,3394.64000000
2021-09-14,3315.45000000
2021-09-15,3402.41000000
2021-09-16,3580.59000000
2021-09-17,3534.19000000
2021-09-18,3408.68000000
2021-09-19,3404.69000000
2021-09-20,3284.26000000
2021-09-21,2882.16000000
2021-09-22,2774.85000000
2021-09-23,3042.86000000
2021-09-24,3127.12000000
2021-09-25,2943.82000000
2021-09-26,2896.59000000
2021-09-27,3137.01000000
2021-09-28,2931.65000000
2021-09-29,2844.82000000
2021-09-30,2932.29000000
2021-10-01,3020.09000000
2021-10-02,3294.11000000
2021-10-03,3364.61000000
2021-10-04,3368.27000000
2021-10-05,3405.94000000
2021-10-06,3523.77000000
2021-10-07,3539.01000000
2021-10-08,3604.01000000
2021-10-09,3582.79000000
2021-10-10,3567.57000000
2021-10-11,3443.59000000
2021-10-12,3503.10000000
2021-10-13,3523.94000000
2021-10-14,3603.43000000
2021-10-15,3766.00000000
2021-10-16,3844.83000000
2021-10-17,3840.41000000
2021-10-18,3876.21000000
2021-10-19,3750.61000000
2021-10-20,3870.49000000
2021-10-21,4187.80000000
2021-10-22,4116.55000000
2021-10-23,4001.33000000
2021-10-24,4140.74000000
2021-10-25,4131.97000000
2021-10-26,4239.53000000
2021-10-27,4157.85000000
2021-10-28,3913.00000000
2021-10-29,4353.01000000
2021-10-30,4374.69000000
2021-10-31,4383.24000000
2021-11-01,4317.03000000
2021-11-02,4311.07000000
2021-11-03,4632.35000000
2021-11-04,4572.45000000
2021-11-05,4473.19000000
2021-11-06,4498.86000000
2021-11-07,4544.98000000
2021-11-08,4688.29000000
2021-11-09,4787.52000000
2021-11-10,4721.11000000
2021-11-11,4626.68000000
2021-11-12,4724.83000000
2021-11-13,4687.99000000
2021-11-14,4675.47000000
2021-11-15,4674.44000000
2021-11-16,4438.70000000
2021-11-17,4183.49000000
2021-11-18,4321.97000000
2021-11-19,4101.78000000
2021-11-20,4298.06000000
2021-11-21,4391.20000000
2021-11-22,4229.50000000
2021-11-23,4132.74000000
2021-11-24,4349.58000000
2021-11-25,4312.07000000
2021-11-26,4498.35000000
2021-11-27,4069.30000000
2021-11-28,4078.14000000
2021-11-29,4343.61000000
2021-11-30,4482.89000000
2021-12-01,4723.92000000
2021-12-02,4578.06000000
2021-12-03,4515.85000000
2021-12-04,4166.11000000
2021-12-05,4111.61000000
2021-12-06,4131.10000000
2021-12-07,4342.27000000
2021-12-08,4328.30000000
2021-12-09,4433.29000000
2021-12-10,4119.36000000
2021-12-11,3940.09000000
2021-12-12,4060.27000000
2021-12-13,4067.36000000
2021-12-14,3815.01000000
2021-12-15,3849.17000000
2021-12-16,4042.79000000
2021-12-17,3977.83000000
2021-12-18,3879.46000000
2021-12-19,3941.91000000
2021-12-20,3947.41000000
2021-12-21,3940.46000000
2021-12-22,3995.00000000
2021-12-23,3940.10000000
2021-12-24,4106.40000000
2021-12-25,4065.43000000
2021-12-26,4081.34000000
2021-12-27,4061.21000000
2021-12-28,4028.83000000
2021-12-29,3818.07000000
2021-12-30,3658.93000000
2021-12-31,3700.60000000
2022-01-01,3723.04000000
2022-01-02,3761.58000000
2022-01-03,3807.03000000
2022-01-04,3743.11000000
2022-01-05,3810.13000000
2022-01-06,3538.85000000
2022-01-07,3366.71000000
2022-01-08,3235.79000000
2022-01-09,3119.43000000
2022-01-10,3136.78000000
2022-01-11,3054.75000000
2022-01-12,3233.18000000
2022-01-13,3353.75000000
2022-01-14,3268.57000000
2022-01-15,3314.44000000
2022-01-16,3331.92000000
2022-01-17,3326.00000000
2022-01-18,3228.64000000
2022-01-19,3152.98000000
2022-01-20,3112.69000000
2022-01-21,3016.60000000
2022-01-22,2591.58000000
2022-01-23,2448.00000000
2022-01-24,2490.26000000
2022-01-25,2388.02000000
2022-01-26,2423.66000000
2022-01-27,2484.44000000
2022-01-28,2431.65000000
2022-01-29,2561.40000000
2022-01-30,2568.64000000
2022-01-31,2538.98000000
2022-02-01,2689.05000000
2022-02-02,2772.63000000
2022-02-03,2694.47000000
2022-02-04,2687.96000000
2022-02-05,2981.27000000
2022-02-06,3026.31000000
2022-02-07,3010.02000000
2022-02-08,3129.72000000
2022-02-09,3129.08000000
2022-02-10,3220.09000000
2022-02-11,3038.70000000
2022-02-12,2930.40000000
2022-02-13,2933.88000000
2022-02-14,2870.34000000
2022-02-15,2920.41000000
2022-02-16,3161.00000000
2022-02-17,3150.99000000
2022-02-18,2889.73000000
2022-02-19,2810.19000000
2022-02-20,2731.45000000
2022-02-21,2667.82000000
2022-02-22,2596.85000000
2022-02-23,2626.24000000
2022-02-24,2561.13000000
2022-02-25,2583.79000000
2022-02-26,2832.20000000
2022-02-27,2747.41000000
2022-02-28,2605.72000000
2022-03-01,2947.68000000
2022-03-02,2943.92000000
2022-03-03,2965.47000000
2022-03-04,2734.38000000
2022-03-05,2594.44000000
2022-03-06,2673.25000000
2022-03-07,2542.37000000
2022-03-08,2519.32000000
2022-03-09,2587.85000000
2022-03-10,2708.08000000
2022-03-11,2594.21000000
2022-03-12,2581.59000000
2022-03-13,2571.77000000
2022-03-14,2519.16000000
2022-03-15,2587.68000000
2022-03-16,2611.14000000
2022-03-17,2767.85000000
2022-03-18,2775.07000000
2022-03-19,2966.13000000
2022-03-20,2939.48000000
2022-03-21,2870.27000000
2022-03-22,2903.86000000
2022-03-23,2974.20000000
2022-03-24,3048.35000000
2022-03-25,3103.45000000
2022-03-26,3090.12000000
2022-03-27,3149.86000000
2022-03-28,3291.39000000
2022-03-29,3363.44000000
2022-03-30,3372.61000000
2022-03-31,3399.54000000
2022-04-01,3300.98000000
2022-04-02,3511.33000000
2022-04-03,3466.93000000
2022-04-04,3475.91000000
2022-04-05,3507.83000000
2022-04-06,3324.48000000
2022-04-07,3153.77000000
2022-04-08,3218.95000000
2022-04-09,3216.01000000
2022-04-10,3249.56000000
2022-04-11,3203.89000000
2022-04-12,2971.22000000
2022-04-13,3026.31000000
2022-04-14,3118.91000000
2022-04-15,3015.47000000
2022-04-16,3042.57000000
2022-04-17,3056.56000000
2022-04-18,2990.83000000
2022-04-19,3059.45000000
2022-04-20,3076.59000000
2022-04-21,3085.79000000
2022-04-22,2987.23000000
2022-04-23,2955.17000000
2022-04-24,2935.74000000
2022-04-25,2856.55000000
2022-04-26,3011.01000000
2022-04-27,2816.03000000
2022-04-28,2894.77000000
2022-04-29,2943.74000000
2022-04-30,2826.25000000
2022-05-01,2736.52000000
2022-05-02,2841.41000000
2022-05-03,2836.91000000
2022-05-04,2793.70000000
2022-05-05,2942.99000000
2022-05-06,2737.67000000
2022-05-07,2686.87000000
2022-05-08,2618.29000000
2022-05-09,2524.38000000
2022-05-10,2288.28000000
2022-05-11,2355.37000000
2022-05-12,2152.25000000
2022-05-13,2013.13000000
2022-05-14,2038.85000000
2022-05-15,2053.07000000
2022-05-16,2122.14000000
2022-05-17,2047.45000000
2022-05-18,2091.68000000
2022-05-19,1932.01000000
2022-05-20,2015.83000000
2022-05-21,1963.41000000
2022-05-22,1978.00000000
2022-05-23,2042.31000000
2022-05-24,1980.82000000
2022-05-25,1974.95000000
2022-05-26,1959.36000000
2022-05-27,1773.89000000
2022-05-28,1748.38000000
2022-05-29,1789.66000000
2022-05-30,1805.63000000
2022-05-31,1992.86000000
2022-06-01,1953.90000000
2022-06-02,1816.15000000
2022-06-03,1825.49000000
2022-06-04,1774.48000000
2022-06-05,1798.22000000
2022-06-06,1836.00000000
2022-06-07,1758.79000000
2022-06-08,1814.17000000
2022-06-09,1791.42000000
2022-06-10,1774.51000000
2022-06-11,1679.28000000
2022-06-12,1537.64000000
2022-06-13,1387.40000000
2022-06-14,1172.53000000
2022-06-15,1193.26000000
2022-06-16,1235.25000000
2022-06-17,1066.28000000
2022-06-18,1088.43000000
2022-06-19,991.03000000
2022-06-20,1087.95000000
2022-06-21,1129.88000000
2022-06-22,1118.13000000
2022-06-23,1078.53000000
2022-06-24,1143.39000000
2022-06-25,1216.21000000
2022-06-26,1240.02000000
2022-06-27,1209.94000000
2022-06-28,1185.77000000
2022-06-29,1141.38000000
2022-06-30,1092.41000000
2022-07-01,1095.75000000
2022-07-02,1052.14000000
2022-07-03,1063.16000000
2022-07-04,1072.81000000
2022-07-05,1153.35000000
2022-07-06,1144.05000000
2022-07-07,1184.64000000
2022-07-08,1241.69000000
2022-07-09,1211.21000000
2022-07-10,1210.41000000
2022-07-11,1170.00000000
2022-07-12,1085.68000000
2022-07-13,1042.85000000
2022-07-14,1114.02000000
2022-07-15,1182.15000000
2022-07-16,1212.82000000
2022-07-17,1363.50000000
2022-07-18,1348.50000000
2022-07-19,1560.14000000
2022-07-20,1522.72000000
2022-07-21,1527.81000000
2022-07-22,1589.32000000
2022-07-23,1544.31000000
2022-07-24,1565.09000000
2022-07-25,1558.29000000
2022-07-26,1415.38000000
2022-07-27,1442.73000000
2022-07-28,1615.63000000
2022-07-29,1725.85000000
2022-07-30,1729.85000000
2022-07-31,1709.48000000
2022-08-01,1688.31000000
2022-08-02,1632.50000000
2022-08-03,1599.93000000
2022-08-04,1640.50000000
2022-08-05,1607.38000000
2022-08-06,1737.85000000
2022-08-07,1672.50000000
2022-08-08,1707.51000000
2022-08-09,1774.10000000
2022-08-10,1672.21000000
2022-08-11,1875.75000000
2022-08-12,1885.62000000
2022-08-13,1969.23000000
2022-08-14,1986.27000000
2022-08-15,1957.42000000
2022-08-16,1896.81000000
2022-08-17,1894.97000000
2022-08-18,1847.36000000
2022-08-19,1825.99000000
2022-08-20,1624.66000000
2022-08-21,1576.79000000
2022-08-22,1610.26000000
2022-08-23,1620.64000000
2022-08-24,1640.65000000
2022-08-25,1668.91000000
2022-08-26,1675.26000000
2022-08-27,1515.01000000
2022-08-28,1486.72000000
2022-08-29,1431.72000000
2022-08-30,1545.69000000
2022-08-31,1553.27000000
2022-09-01,1551.37000000
2022-09-02,1581.88000000
2022-09-03,1576.82000000
2022-09-04,1557.49000000
2022-09-05,1575.34000000
2022-09-06,1662.33000000
2022-09-07,1538.04000000
2022-09-08,1628.03000000
2022-09-09,1639.64000000
2022-09-10,1717.00000000
2022-09-11,1772.09000000
2022-09-12,1735.57000000
2022-09-13,1687.81000000
2022-09-14,1573.53000000
2022-09-15,1627.98000000
2022-09-16,1482.97000000
2022-09-17,1443.04000000
2022-09-18,1451.51000000
2022-09-19,1343.94000000
2022-09-20,1369.28000000
2022-09-21,1334.28000000
2022-09-22,1242.88000000
2022-09-23,1321.21000000
2022-09-24,1318.03000000
2022-09-25,1321.57000000
2022-09-26,1293.04000000
2022-09-27,1342.83000000
2022-09-28,1333.63000000
2022-09-29,1334.21000000
2022-09-30,1337.51000000
2022-10-01,1327.36000000
2022-10-02,1310.55000000
2022-10-03,1281.92000000
2022-10-04,1321.60000000
2022-10-05,1354.18000000
2022-10-06,1370.04000000
2022-10-07,1355.44000000
2022-10-08,1333.49000000
2022-10-09,1312.49000000
2022-10-10,1333.19000000
2022-10-11,1277.90000000
2022-10-12,1286.52000000
2022-10-13,1296.44000000
2022-10-14,1290.24000000
2022-10-15,1295.97000000
2022-10-16,1281.56000000
2022-10-17,1303.38000000
2022-10-18,1337.98000000
2022-10-19,1300.89000000
2022-10-20,1276.85000000
2022-10-21,1284.84000000
2022-10-22,1301.89000000
2022-10-23,1311.44000000
2022-10-24,1360.94000000
2022-10-25,1342.35000000
2022-10-26,1471.86000000
2022-10-27,1559.94000000
2022-10-28,1519.26000000
2022-10-29,1553.36000000
2022-10-30,1607.68000000
2022-10-31,1583.10000000
2022-11-01,1570.11000000
2022-11-02,1587.54000000
2022-11-03,1531.49000000
2022-11-04,1538.61000000
2022-11-05,1658.28000000
2022-11-06,1629.35000000
2022-11-07,1573.28000000
2022-11-08,1561.56000000
2022-11-09,1317.50000000
2022-11-10,1146.14000000
2022-11-11,1296.72000000
2022-11-12,1276.50000000
2022-11-13,1260.19000000
2022-11-14,1205.38000000
2022-11-15,1241.25000000
2022-11-16,1252.29000000
2022-11-17,1223.42000000
2022-11-18,1216.23000000
2022-11-19,1210.17000000
2022-11-20,1222.44000000
2022-11-21,1140.44000000
2022-11-22,1106.97000000
2022-11-23,1134.32000000
2022-11-24,1182.20000000
2022-11-25,1194.28000000
2022-11-26,1206.53000000
2022-11-27,1206.19000000
2022-11-28,1194.79000000
2022-11-29,1167.11000000
2022-11-30,1274.77000000
2022-12-01,1290.21000000
2022-12-02,1282.60000000
2022-12-03,1291.68000000
2022-12-04,1251.18000000
2022-12-05,1288.75000000
2022-12-06,1266.60000000
2022-12-07,1268.80000000
2022-12-08,1227.17000000
2022-12-09,1277.02000000
2022-12-10,1264.30000000
2022-12-11,1268.36000000
2022-12-12,1254.08000000
2022-12-13,1270.38000000
2022-12-14,1325.05000000
2022-12-15,1304.80000000
2022-12-16,1273.41000000
2022-12-17,1172.69000000
2022-12-18,1184.93000000
2022-12-19,1189.25000000
2022-12-20,1172.17000000
2022-12-21,1208.94000000
2022-12-22,1217.64000000
2022-12-23,1215.27000000
2022-12-24,1219.20000000
2022-12-25,1221.62000000
2022-12-26,1218.39000000
2022-12-27,1224.62000000
2022-12-28,1208.44000000
2022-12-29,1194.00000000
2022-12-30,1200.03000000
2022-12-31,1197.41000000
2023-01-01,1194.09000000
2023-01-02,1198.16000000
2023-01-03,1215.55000000
2023-01-04,1213.53000000
2023-01-05,1253.97000000
2023-01-06,1255.67000000
2023-01-07,1270.95000000
2023-01-08,1260.99000000
2023-01-09,1294.86000000
2023-01-10,1327.42000000
2023-01-11,1337.75000000
2023-01-12,1415.23000000
2023-01-13,1406.04000000
2023-01-14,1540.62000000
2023-01-15,1527.99000000
2023-01-16,1557.06000000
2023-01-17,1566.27000000
2023-01-18,1570.59000000
2023-01-19,1516.26000000
2023-01-20,1548.21000000
2023-01-21,1654.71000000
2023-01-22,1632.35000000
2023-01-23,1635.74000000
2023-01-24,1631.87000000
2023-01-25,1548.88000000
2023-01-26,1628.97000000
2023-01-27,1588.87000000
2023-01-28,1604.24000000
2023-01-29,1584.84000000
2023-01-30,1646.08000000
2023-01-31,1570.41000000
2023-02-01,1583.34000000
2023-02-02,1692.50000000
2023-02-03,1646.60000000
2023-02-04,1662.03000000
2023-02-05,1663.47000000
2023-02-06,1639.04000000
2023-02-07,1620.23000000
2023-02-08,1687.48000000
2023-02-09,1654.76000000
2023-02-10,1548.52000000
2023-02-11,1515.83000000
2023-02-12,1533.88000000
2023-02-13,1518.29000000
2023-02-14,1500.92000000
2023-02-15,1549.90000000
2023-02-16,1685.72000000
2023-02-17,1653.23000000
2023-02-18,1694.88000000
2023-02-19,1698.71000000
2023-02-20,1676.96000000
2023-02-21,1705.12000000
2023-02-22,1660.57000000
2023-02-23,1638.18000000
2023-02-24,1651.50000000
2023-02-25,1605.02000000
2023-02-26,1591.00000000
2023-02-27,1637.47000000
2023-02-28,1628.44000000
2023-03-01,1601.73000000
2023-03-02,1658.85000000
2023-03-03,1643.06000000
2023-03-04,1574.76000000
2023-03-05,1570.15000000
2023-03-06,1567.90000000
2023-03-07,1565.73000000
2023-03-08,1567.63000000
2023-03-09,1535.85000000
2023-03-10,1425.90000000
2023-03-11,1435.57000000
2023-03-12,1463.94000000
2023-03-13,1611.88000000
2023-03-14,1667.48000000
2023-03-15,1699.76000000
2023-03-16,1640.18000000
2023-03-17,1665.13000000
2023-03-18,1818.92000000
2023-03-19,1774.75000000
2023-03-20,1771.42000000
2023-03-21,1748.47000000
2023-03-22,1788.29000000
2023-03-23,1737.38000000
2023-03-24,1810.38000000
2023-03-25,1756.33000000
2023-03-26,1750.58000000
2023-03-27,1778.87000000
2023-03-28,1707.56000000
2023-03-29,1775.24000000
2023-03-30,1785.26000000
2023-03-31,1805.43000000
2023-04-01,1822.85000000
2023-04-02,1813.19000000
2023-04-03,1791.09000000
2023-04-04,1804.98000000
2023-04-05,1913.77000000
2023-04-06,1896.70000000
2023-04-07,1881.76000000
2023-04-08,1854.99000000
2023-04-09,1854.52000000
2023-04-10,1859.50000000
2023-04-11,1919.81000000
2023-04-12,1888.15000000
2023-04-13,1908.42000000
2023-04-14,2098.43000000
2023-04-15,2086.00000000
2023-04-16,2089.21000000
2023-04-17,2081.54000000
2023-04-18,2074.15000000
2023-04-19,2098.26000000
2023-04-20,1946.69000000
2023-04-21,1947.97000000
2023-04-22,1847.33000000
2023-04-23,1857.31000000
2023-04-24,1877.09000000
2023-04-25,1840.91000000
2023-04-26,1867.11000000
2023-04-27,1919.81000000
2023-04-28,1913.58000000
2023-04-29,1888.19000000
2023-04-30,1898.98000000
2023-05-01,1885.33000000
2023-05-02,1832.80000000
2023-05-03,1860.05000000
2023-05-04,1901.99000000
2023-05-05,1879.39000000
2023-05-06,2002.40000000
2023-05-07,1905.39000000
2023-05-08,1881.61000000
2023-05-09,1842.67000000
2023-05-10,1851.46000000
2023-05-11,1831.42000000
2023-05-12,1798.82000000
2023-05-13,1808.60000000
2023-05-14,1800.29000000
2023-05-15,1790.63000000
2023-05-16,1813.02000000
2023-05-17,1825.43000000
2023-05-18,1820.69000000
2023-05-19,1804.15000000
2023-05-20,1808.33000000
2023-05-21,1826.72000000
2023-05-22,1798.86000000
2023-05-23,1816.35000000
2023-05-24,1849.69000000
2023-05-25,1792.06000000
2023-05-26,1805.28000000
2023-05-27,1826.49000000
2023-05-28,1849.07000000
2023-05-29,1914.43000000
2023-05-30,1893.86000000
2023-05-31,1904.96000000
2023-06-01,1871.27000000
2023-06-02,1864.53000000
2023-06-03,1903.29000000
2023-06-04,1887.97000000
2023-06-05,1882.12000000
2023-06-06,1810.91000000
2023-06-07,1885.61000000
2023-06-08,1835.52000000
2023-06-09,1843.79000000
2023-06-10,1837.29000000
2023-06-11,1745.72000000
2023-06-12,1751.87000000
2023-06-13,1732.85000000
2023-06-14,1744.52000000
2023-06-15,1655.69000000
2023-06-16,1662.25000000
2023-06-17,1716.64000000
2023-06-18,1725.06000000
2023-06-19,1722.94000000
2023-06-20,1741.99000000
2023-06-21,1799.53000000
2023-06-22,1915.58000000
2023-06-23,1876.51000000
2023-06-24,1881.56000000
2023-06-25,1872.88000000
2023-06-26,1888.36000000
2023-06-27,1862.04000000
2023-06-28,1875.12000000
2023-06-29,1832.49000000
2023-06-30,1850.00000000
2023-07-01,1934.11000000
2023-07-02,1921.00000000
2023-07-03,1934.88000000
2023-07-04,1951.61000000
2023-07-05,1935.07000000
2023-07-06,1904.49000000
2023-07-07,1845.32000000
2023-07-08,1871.36000000
2023-07-09,1866.56000000
2023-07-10,1854.52000000
2023-07-11,1878.81000000
2023-07-12,1877.32000000
2023-07-13,1871.39000000
2023-07-14,2022.22000000
2023-07-15,1932.78000000
2023-07-16,1933.48000000
2023-07-17,1921.30000000
2023-07-18,1911.80000000
2023-07-19,1911.21000000
2023-07-20,1893.59000000
2023-07-21,1889.22000000
2023-07-22,1896.38000000
2023-07-23,1862.35000000
2023-07-24,1886.02000000
2023-07-25,1849.71000000
2023-07-26,1855.80000000
2023-07-27,1870.00000000
2023-07-28,1862.16000000
2023-07-29,1874.68000000
2023-07-30,1881.49000000
2023-07-31,1872.97000000
2023-08-01,1861.64000000
2023-08-02,1870.68000000
2023-08-03,1838.91000000
2023-08-04,1838.45000000
2023-08-05,1832.07000000
2023-08-06,1836.59000000
2023-08-07,1829.98000000
2023-08-08,1835.19000000
2023-08-09,1855.15000000
2023-08-10,1857.49000000
2023-08-11,1854.45000000
2023-08-12,1852.99000000
2023-08-13,1851.30000000
2023-08-14,1841.15000000
2023-08-15,1847.20000000
2023-08-16,1829.41000000
2023-08-17,1796.89000000
2023-08-18,1695.07000000
2023-08-19,1668.71000000
2023-08-20,1674.00000000
2023-08-21,1682.68000000
2023-08-22,1666.90000000
2023-08-23,1633.12000000
2023-08-24,1681.98000000
2023-08-25,1656.14000000
2023-08-26,1652.08000000
2023-08-27,1647.92000000
2023-08-28,1651.62000000
2023-08-29,1656.14000000
2023-08-30,1722.02000000
2023-08-31,1701.58000000
2023-09-01,1652.82000000
2023-09-02,1630.01000000
2023-09-03,1635.19000000
2023-09-04,1634.89000000
2023-09-05,1626.09000000
2023-09-06,1633.73000000
2023-09-07,1633.87000000
2023-09-08,1654.90000000
2023-09-09,1634.97000000
2023-09-10,1632.08000000
2023-09-11,1609.98000000
2023-09-12,1557.35000000
2023-09-13,1597.16000000
2023-09-14,1635.42000000
2023-09-15,1624.48000000
2023-09-16,1641.84000000
2023-09-17,1625.18000000
2023-09-18,1612.63000000
2023-09-19,1630.20000000
2023-09-20,1642.16000000
2023-09-21,1620.38000000
2023-09-22,1591.23000000
2023-09-23,1595.93000000
2023-09-24,1592.52000000
2023-09-25,1579.64000000
2023-09-26,1587.47000000
2023-09-27,1594.68000000
2023-09-28,1603.50000000
2023-09-29,1653.75000000
2023-09-30,1671.11000000
2023-10-01,1674.01000000
2023-10-02,1724.38000000
2023-10-03,1662.11000000
2023-10-04,1638.45000000
2023-10-05,1650.30000000
2023-10-06,1617.17000000
2023-10-07,1644.27000000
2023-10-08,1636.91000000
2023-10-09,1626.54000000
2023-10-10,1577.84000000
2023-10-11,1574.36000000
2023-10-12,1561.47000000
2023-10-13,1544.59000000
2023-10-14,1553.13000000
2023-10-15,1552.39000000
2023-10-16,1556.57000000
2023-10-17,1592.02000000
2023-10-18,1564.58000000
2023-10-19,1566.37000000
2023-10-20,1563.69000000
2023-10-21,1603.46000000
2023-10-22,1633.63000000
2023-10-23,1672.99000000
2023-10-24,1777.01000000
2023-10-25,1792.34000000
2023-10-26,1792.14000000
2023-10-27,1795.41000000
2023-10-28,1779.86000000
2023-10-29,1777.67000000
2023-10-30,1793.50000000
2023-10-31,1812.24000000
2023-11-01,1817.92000000
2023-11-02,1847.57000000
2023-11-03,1786.87000000
2023-11-04,1828.13000000
2023-11-05,1850.86000000
2023-11-06,1895.00000000
2023-11-07,1891.80000000
2023-11-08,1887.10000000
2023-11-09,1898.00000000
2023-11-10,2099.62000000
2023-11-11,2076.84000000
2023-11-12,2033.82000000
2023-11-13,2054.05000000
2023-11-14,2033.33000000
2023-11-15,1981.90000000
2023-11-16,2076.44000000
2023-11-17,1979.13000000
2023-11-18,1954.22000000
2023-11-19,1952.19000000
2023-11-20,2005.88000000
2023-11-21,2023.63000000
2023-11-22,1955.49000000
2023-11-23,2053.77000000
2023-11-24,2064.42000000
2023-11-25,2074.73000000
2023-11-26,2081.31000000
2023-11-27,2067.17000000
2023-11-28,2033.66000000
2023-11-29,2050.63000000
2023-11-30,2026.39000000
2023-12-01,2049.80000000
2023-12-02,2092.12000000
2023-12-03,2166.36000000
2023-12-04,2210.33000000
2023-12-05,2252.11000000
2023-12-06,2310.11000000
2023-12-07,2241.47000000
2023-12-08,2360.65000000
2023-12-09,2362.47000000
2023-12-10,2351.34000000
2023-12-11,2343.52000000
2023-12-12,2230.69000000
2023-12-13,2203.81000000
2023-12-14,2258.97000000
2023-12-15,2299.43000000
2023-12-16,2228.20000000
2023-12-17,2225.69000000
2023-12-18,2193.65000000
2023-12-19,2214.70000000
2023-12-20,2185.33000000
2023-12-21,2192.20000000
2023-12-22,2240.58000000
2023-12-23,2308.92000000
2023-12-24,2303.34000000
2023-12-25,2262.74000000
2023-12-26,2267.17000000
2023-12-27,2225.94000000
2023-12-28,2432.34000000
2023-12-29,2343.31000000
2023-12-30,2302.07000000
2023-12-31,2301.03000000
2024-01-01,2295.51000000
2024-01-02,2387.58000000
2024-01-03,2361.39000000
2024-01-04,2210.64000000
2024-01-05,2267.62000000
2024-01-06,2262.95000000
2024-01-07,2249.61000000
2024-01-08,2194.60000000
2024-01-09,2306.90000000
2024-01-10,2398.63000000
2024-01-11,2606.43000000
2024-01-12,2599.74000000
2024-01-13,2517.45000000
2024-01-14,2564.04000000
2024-01-15,2495.60000000
2024-01-16,2509.20000000
2024-01-17,2589.09000000
2024-01-18,2530.12000000
2024-01-19,2467.97000000
2024-01-20,2476.12000000
2024-01-21,2465.78000000
2024-01-22,2462.12000000
2024-01-23,2326.36000000
2024-01-24,2244.43000000
2024-01-25,2234.70000000
2024-01-26,2216.03000000
2024-01-27,2280.18000000
2024-01-28,2267.27000000
2024-01-29,2257.16000000
2024-01-30,2305.07000000
2024-01-31,2340.43000000
2024-02-01,2283.59000000
2024-02-02,2310.92000000
2024-02-03,2313.81000000
2024-02-04,2299.39000000
2024-02-05,2280.50000000
2024-02-06,2302.81000000
2024-02-07,2380.08000000
2024-02-08,2435.06000000
2024-02-09,2423.76000000
2024-02-10,2485.93000000
2024-02-11,2504.08000000
2024-02-12,2514.99000000
2024-02-13,2668.26000000
2024-02-14,2630.60000000
2024-02-15,2817.94000000
2024-02-16,2838.12000000
2024-02-17,2796.15000000
2024-02-18,2788.47000000
2024-02-19,2871.76000000
2024-02-20,2934.99000000
2024-02-21,3003.52000000
2024-02-22,2940.98000000
2024-02-23,2989.69000000
2024-02-24,2933.71000000
2024-02-25,2994.71000000
2024-02-26,3115.63000000
2024-02-27,3167.61000000
2024-02-28,3254.63000000
2024-02-29,3449.38000000
2024-03-01,3378.73000000
2024-03-02,3457.82000000
2024-03-03,3427.86000000
2024-03-04,3485.51000000
2024-03-05,3618.94000000
2024-03-06,3562.60000000
2024-03-07,3838.00000000
2024-03-08,3905.06000000
2024-03-09,3904.14000000
2024-03-10,3908.65000000
2024-03-11,3827.60000000
2024-03-12,4057.72000000
2024-03-13,3977.43000000
2024-03-14,3975.08000000
2024-03-15,3904.04000000
2024-03-16,3759.73000000
2024-03-17,3508.84000000
2024-03-18,3577.80000000
2024-03-19,3457.19000000
2024-03-20,3235.11000000
2024-03-21,3516.36000000
2024-03-22,3495.32000000
2024-03-23,3319.04000000
2024-03-24,3357.61000000
2024-03-25,3428.50000000
2024-03-26,3598.00000000
2024-03-27,3616.56000000
2024-03-28,3515.77000000
2024-03-29,3564.18000000
2024-03-30,3514.19000000
2024-03-31,3518.20000000
2024-04-01,3625.41000000
2024-04-02,3486.99000000
2024-04-03,3278.05000000
2024-04-04,3327.80000000
2024-04-05,3329.66000000
2024-04-06,3323.89000000
2024-04-07,3357.73000000
2024-04-08,3429.30000000
2024-04-09,3694.25000000
2024-04-10,3506.40000000
2024-04-11,3534.00000000
2024-04-12,3523.62000000
2024-04-13,3233.14000000
2024-04-14,2967.39000000
2024-04-15,3112.98000000
2024-04-16,3082.25000000
2024-04-17,3095.00000000
2024-04-18,2993.17000000
2024-04-19,3041.46000000
2024-04-20,3030.53000000
2024-04-21,3135.61000000
2024-04-22,3152.13000000
2024-04-23,3218.08000000
2024-04-24,3228.94000000
2024-04-25,3156.81000000
2024-04-26,3146.20000000
2024-04-27,3108.52000000
2024-04-28,3254.55000000
2024-04-29,3282.52000000
2024-04-30,3244.37000000
2024-05-01,2999.05000000
2024-05-02,2948.40000000
2024-05-03,2983.59000000
2024-05-04,3117.34000000
2024-05-05,3108.30000000
2024-05-06,3147.97000000
2024-05-07,3071.99000000
2024-05-08,3020.25000000
2024-05-09,2987.40000000
2024-05-10,3026.00000000
2024-05-11,2914.46000000
2024-05-12,2920.75000000
2024-05-13,2932.91000000
2024-05-14,2945.80000000
2024-05-15,2869.59000000
2024-05-16,3021.54000000
2024-05-17,2952.65000000
2024-05-18,3096.45000000
2024-05-19,3112.97000000
2024-05-20,3079.59000000
2024-05-21,3688.90000000
2024-05-22,3782.00000000
2024-05-23,3761.04000000
2024-05-24,3813.21000000
2024-05-25,3711.73000000
2024-05-26,3745.21000000
2024-05-27,3843.00000000
2024-05-28,3877.20000000
2024-05-29,3848.59000000
2024-05-30,3758.00000000
2024-05-31,3752.74000000
2024-06-01,3764.15000000
2024-06-02,3835.30000000
2024-06-03,3773.48000000
2024-06-04,3759.93000000
2024-06-05,3819.74000000
2024-06-06,3859.14000000
2024-06-07,3808.32000000
2024-06-08,3686.02000000
2024-06-09,3681.28000000
2024-06-10,3693.53000000
2024-06-11,3662.79000000
2024-06-12,3492.99000000
2024-06-13,3558.56000000
2024-06-14,3473.47000000
2024-06-15,3492.56000000
2024-06-16,3558.81000000
2024-06-17,3617.95000000
2024-06-18,3472.68000000
2024-06-19,3493.99000000
2024-06-20,3563.03000000
2024-06-21,3499.60000000
2024-06-22,3501.34000000
2024-06-23,3507.86000000
2024-06-24,3424.23000000
2024-06-25,3347.22000000
2024-06-26,3388.45000000
2024-06-27,3372.35000000
2024-06-28,3439.58000000
2024-06-29,3389.92000000
2024-06-30,3385.99000000
2024-07-01,3443.02000000
2024-07-02,3443.95000000
2024-07-03,3424.43000000
2024-07-04,3307.41000000
2024-07-05,3105.32000000
2024-07-06,2987.22000000
2024-07-07,3047.81000000
2024-07-08,2887.00000000
2024-07-09,3023.83000000
2024-07-10,3033.20000000
2024-07-11,3100.90000000
2024-07-12,3093.68000000
2024-07-13,3132.96000000
2024-07-14,3187.58000000
2024-07-15,3278.08000000
2024-07-16,3469.19000000
2024-07-17,3464.90000000
2024-07-18,3410.68000000
2024-07-19,3404.71000000
2024-07-20,3484.90000000
2024-07-21,3507.90000000
2024-07-22,3543.32000000
2024-07-23,3468.91000000
2024-07-24,3464.33000000
2024-07-25,3325.01000000
2024-07-26,3192.80000000
2024-07-27,3259.20000000
2024-07-28,3246.80000000
2024-07-29,3286.58000000
2024-07-30,3328.30000000
2024-07-31,3283.20000000
2024-08-01,3235.01000000
2024-08-02,3194.39000000
2024-08-03,2962.40000000
2024-08-04,2914.39000000
2024-08-05,2526.81000000
2024-08-06,2540.91000000
2024-08-07,2458.81000000
2024-08-08,2353.60000000
2024-08-09,2666.18000000
2024-08-10,2584.58000000
2024-08-11,2624.70000000
2024-08-12,2537.40000000
2024-08-13,2718.32000000
2024-08-14,2715.65000000
2024-08-15,2666.12000000
2024-08-16,2572.94000000
2024-08-17,2599.41000000
2024-08-18,2616.86000000
2024-08-19,2612.23000000
2024-08-20,2659.40000000
2024-08-21,2576.69000000
2024-08-22,2628.60000000
2024-08-23,2638.51000000
2024-08-24,2757.93000000
2024-08-25,2758.19000000
2024-08-26,2753.41000000
2024-08-27,2677.58000000
2024-08-28,2440.55000000
2024-08-29,2534.21000000
2024-08-30,2523.20000000
2024-08-31,2524.26000000
2024-09-01,2505.40000000
2024-09-02,2441.12000000
2024-09-03,2534.65000000
2024-09-04,2396.28000000
2024-09-05,2454.75000000
2024-09-06,2372.25000000
2024-09-07,2233.60000000
2024-09-08,2269.52000000
2024-09-09,2307.83000000
2024-09-10,2349.00000000
2024-09-11,2377.16000000
2024-09-12,2352.43000000
2024-09-13,2357.41000000
2024-09-14,2428.26000000
2024-09-15,2419.63000000
2024-09-16,2300.04000000
2024-09-17,2272.66000000
2024-09-18,2323.95000000
2024-09-19,2398.40000000
2024-09-20,2447.54000000
2024-09-21,2568.14000000
2024-09-22,2620.57000000
2024-09-23,2593.97000000
2024-09-24,2627.99000000
2024-09-25,2638.62000000
2024-09-26,2571.28000000
2024-09-27,2641.23000000
2024-09-28,2696.39000000
2024-09-29,2668.26000000
2024-09-30,2648.68000000
2024-10-01,2618.82000000
2024-10-02,2464.22000000
2024-10-03,2372.16000000
2024-10-04,2340.36000000
2024-10-05,2425.15000000
2024-10-06,2410.47000000
2024-10-07,2488.76000000
2024-10-08,2437.03000000
2024-10-09,2438.04000000
2024-10-10,2375.86000000
2024-10-11,2386.32000000
2024-10-12,2444.31000000
2024-10-13,2476.83000000
2024-10-14,2452.77000000
2024-10-15,2622.75000000
2024-10-16,2596.39000000
2024-10-17,2617.22000000
2024-10-18,2597.25000000
2024-10-19,2639.70000000
2024-10-20,2642.49000000
2024-10-21,2746.25000000
2024-10-22,2638.10000000
2024-10-23,2614.09000000
2024-10-24,2549.48000000
2024-10-25,2525.11000000
2024-10-26,2443.75000000
2024-10-27,2476.44000000
2024-10-28,2499.72000000
2024-10-29,2583.19000000
2024-10-30,2620.41000000
2024-10-31,2658.56000000
2024-11-01,2524.61000000
2024-11-02,2515.98000000
2024-11-03,2483.01000000
2024-11-04,2450.15000000
2024-11-05,2401.01000000
2024-11-06,2484.90000000
2024-11-07,2725.70000000
2024-11-08,2907.07000000
2024-11-09,2982.46000000
2024-11-10,3121.59000000
2024-11-11,3193.50000000
2024-11-12,3342.46000000
2024-11-13,3249.25000000
2024-11-14,3180.01000000
2024-11-15,3061.01000000
2024-11-16,3084.92000000
2024-11-17,3149.13000000
2024-11-18,3097.99000000
2024-11-19,3156.01000000
2024-11-20,3107.06000000
2024-11-21,3079.19000000
2024-11-22,3316.10000000
2024-11-23,3341.81000000
2024-11-24,3417.50000000
2024-11-25,3348.82000000
2024-11-26,3425.50000000
2024-11-27,3309.35000000
2024-11-28,3642.54000000
2024-11-29,3558.11000000
2024-11-30,3590.00000000
2024-12-01,3688.54000000
2024-12-02,3701.84000000
2024-12-03,3637.74000000
2024-12-04,3691.87000000
2024-12-05,3796.44000000
2024-12-06,3862.32000000
2024-12-07,4013.40000000
2024-12-08,4003.79000000
2024-12-09,3972.37000000
2024-12-10,3767.43000000
2024-12-11,3611.94000000
2024-12-12,3817.81000000
2024-12-13,3888.80000000
2024-12-14,3906.01000000
2024-12-15,3864.21000000
2024-12-16,4000.27000000
2024-12-17,3959.01000000
2024-12-18,3883.43000000
2024-12-19,3655.99000000
2024-12-20,3411.84000000
2024-12-21,3457.63000000
2024-12-22,3362.37000000
2024-12-23,3255.32000000
2024-12-24,3419.03000000
2024-12-25,3482.73000000
2024-12-26,3482.31000000
2024-12-27,3347.42000000
2024-12-28,3344.03000000
2024-12-29,3393.65000000
2024-12-30,3385.59000000
2024-12-31,3328.67000000
2025-01-01,3363.70000000
2025-01-02,3389.92000000
2025-01-03,3449.22000000
2025-01-04,3602.41000000
2025-01-05,3650.11000000
2025-01-06,3621.74000000
2025-01-07,3675.14000000
2025-01-08,3411.71000000
2025-01-09,3342.20000000
2025-01-10,3222.98000000
2025-01-11,3265.55000000
2025-01-12,3283.37000000
2025-01-13,3308.56000000
2025-01-14,3134.30000000
2025-01-15,3221.79000000
2025-01-16,3398.82000000
2025-01-17,3313.68000000
2025-01-18,3487.71000000
2025-01-19,3316.30000000
2025-01-20,3170.90000000
2025-01-21,3226.87000000
2025-01-22,3361.54000000
2025-01-23,3253.62000000
2025-01-24,3285.42000000
2025-01-25,3273.97000000
2025-01-26,3321.01000000
2025-01-27,3214.12000000
2025-01-28,3167.28000000
2025-01-29,3110.14000000
2025-01-30,3124.42000000
2025-01-31,3270.50000000
2025-02-01,3317.00000000
2025-02-02,3151.46000000
2025-02-03,2823.49000000
2025-02-04,2840.95000000
2025-02-05,2729.41000000
2025-02-06,2768.34000000
2025-02-07,2687.66000000
2025-02-08,2646.68000000
2025-02-09,2637.16000000
2025-02-10,2642.71000000
2025-02-11,2705.59000000
2025-02-12,2610.40000000
2025-02-13,2728.39000000
2025-02-14,2675.27000000
2025-02-15,2716.58000000
2025-02-16,2699.62000000
2025-02-17,2670.89000000
2025-02-18,2720.99000000
2025-02-19,2669.89000000
2025-02-20,2729.00000000
2025-02-21,2735.33000000
2025-02-22,2678.76000000
2025-02-23,2771.51000000
2025-02-24,2805.49000000
2025-02-25,2499.10000000
2025-02-26,2475.10000000
2025-02-27,2337.88000000
2025-02-28,2294.80000000
2025-03-01,2216.16000000
2025-03-02,2215.49000000
2025-03-03,2465.52000000
2025-03-04,2125.21000000
2025-03-05,2165.10000000
2025-03-06,2238.49000000
2025-03-07,2117.71000000
2025-03-08,2152.19000000
2025-03-09,2206.22000000
2025-03-10,2036.48000000
2025-03-11,1813.96000000
2025-03-12,1911.90000000
2025-03-13,1899.96000000
2025-03-14,1874.60000000
2025-03-15,1915.44000000
2025-03-16,1932.18000000
2025-03-17,1901.65000000
2025-03-18,1922.17000000
2025-03-19,1945.36000000
2025-03-20,2033.00000000
2025-03-21,1991.42000000
2025-03-22,1980.74000000
2025-03-23,1985.52000000
2025-03-24,1998.79000000
2025-03-25,2086.33000000
2025-03-26,2071.72000000
2025-03-27,2017.82000000
2025-03-28,2004.88000000
2025-03-29,1903.43000000
2025-03-30,1826.92000000
2025-03-31,1786.42000000
2025-04-01,1831.94000000
2025-04-02,1889.59000000
2025-04-03,1820.46000000
2025-04-04,1810.42000000
2025-04-05,1822.85000000
2025-04-06,1810.45000000
2025-04-07,1572.90000000
2025-04-08,1544.73000000
2025-04-09,1467.65000000
2025-04-10,1646.48000000
2025-04-11,1508.40000000
2025-04-12,1562.25000000
2025-04-13,1642.10000000
2025-04-14,1611.85000000
2025-04-15,1631.09000000
2025-04-16,1581.10000000
2025-04-17,1585.20000000
2025-04-18,1579.80000000
2025-04-19,1586.21000000
2025-04-20,1610.11000000
2025-04-21,1610.09000000
2025-04-22,1568.93000000
2025-04-23,1751.27000000
2025-04-24,1789.89000000
2025-04-25,1774.15000000
2025-04-26,1796.42000000
2025-04-27,1842.03000000
2025-04-28,1773.59000000
2025-04-29,1802.08000000
2025-04-30,1805.61000000
2025-05-01,1797.75000000
2025-05-02,1847.75000000
2025-05-03,1838.70000000
2025-05-04,1836.60000000
2025-05-05,1816.07000000
2025-05-06,1814.19000000
2025-05-07,1842.23000000
2025-05-08,1827.13000000
2025-05-09,2200.91000000
2025-05-10,2326.44000000
2025-05-11,2544.12000000
2025-05-12,2531.66000000
2025-05-13,2463.15000000
2025-05-14,2696.47000000
2025-05-15,2632.30000000
2025-05-16,2544.24000000
2025-05-17,2501.01000000
2025-05-18,2482.78000000
2025-05-19,2443.11000000
2025-05-20,2515.33000000
2025-05-21,2529.90000000
2025-05-22,2586.10000000
2025-05-23,2662.65000000
